rank,finalWorth,age,birthYear,birthMonth,birthDay,cpi_country,gdp_country,gross_primary_education_enrollment_country,life_expectancy_country,tax_revenue_country_country,total_tax_rate_country,population_country,latitude_country,longitude_country
1,5500,89,1934,1,1,125.08,19910000000000.0,100.2,77,9.4,59.2,1397715000,46.227638,2.213749
2,9200,65,1957,10,12,110.51,530832908738.0,126.6,82.5,27.9,49.1,10285453,37.09024,-95.712891
3,1800,59,1963,10,30,188.73,30641380604.0,142.1,70.5,20.7,41.8,28608710,37.09024,-95.712891
4,2200,49,1974,2,2,117.24,21427700000000.0,101.8,78.5,9.6,36.6,328239523,37.09024,-95.712891
5,2200,84,1938,10,1,117.24,21427700000000.0,101.8,78.5,9.6,36.6,328239523,37.09024,-95.712891
6,7000,73,1950,2,17,117.24,21427700000000.0,101.8,78.5,9.6,36.6,328239523,37.09024,-95.712891
7,1000,38,1984,5,22,151.18,1119190780753.0,106.4,71.5,10.2,30.1,270203917,37.09024,-95.712891
8,1600,74,1948,5,16,99.55,703082435360.0,105.2,83.6,10.1,28.8,8574832,23.634501,-102.552784
9,2000,68,1955,1,2,180.44,2611000000000.0,113,69.4,11.2,49.7,1366417754,20.593684,78.96288
10,2000,82,1940,6,23,180.44,2611000000000.0,113,69.4,11.2,49.7,1366417754,37.09024,-95.712891
11,4200,64,1959,2,9,151.18,1119190780753.0,106.4,71.5,10.2,30.1,270203917,46.227638,2.213749
12,1700,81,1941,7,16,117.24,21427700000000.0,101.8,78.5,9.6,36.6,328239523,37.09024,-95.712891
13,2500,68,1955,1,16,114.41,372062527489.0,100.6,83.1,13.1,21,5703569,40.463667,-3.74922
14,3700,80,1942,5,10,125.08,19910000000000.0,100.2,77,9.4,59.2,1397715000,37.09024,-95.712891
15,4200,69,1953,6,14,108.15,395098666122.0,104.9,82.8,23.1,25.3,9053300,35.86166,104.195397
16,5600,63,1959,5,2,115.16,2029000000000.0,98.1,82.6,15.6,33.2,51709098,37.09024,-95.712891
17,1300,74,1948,12,18,117.24,21427700000000.0,101.8,78.5,9.6,36.6,328239523,37.09024,-95.712891
17,5300,79,1943,4,6,117.24,21427700000000.0,101.8,78.5,9.6,36.6,328239523,37.09024,-95.712891
19,2300,85,1938,2,3,117.24,21427700000000.0,101.8,78.5,9.6,36.6,328239523,37.09024,-95.712891
20,35000,90,1932,5,11,125.08,19910000000000.0,100.2,77,9.4,59.2,1397715000,37.09024,-95.712891
21,2300,66,1956,12,23,125.08,19910000000000.0,100.2,77,9.4,59.2,1397715000,37.09024,-95.712891
22,1300,62,1960,10,8,110.96,1394116310769.0,102.7,83.3,14.2,47,47076781,56.130366,-106.346771
23,1300,87,1936,1,1,234.44,754411708203.0,93.2,77.4,17.9,42.3,83429615,37.09024,-95.712891
24,12000,85,1937,10,6,117.24,21427700000000.0,101.8,78.5,9.6,36.6,328239523,20.593684,78.96288
25,1600,40,1983,3,4,125.08,19910000000000.0,100.2,77,9.4,59.2,1397715000,37.09024,-95.712891
26,3600,55,1967,12,13,110.96,1394116310769.0,102.7,83.3,14.2,47,47076781,35.86166,104.195397
27,1300,67,1955,11,9,117.24,21427700000000.0,101.8,78.5,9.6,36.6,328239523,51.165691,10.451526
28,1900,64,1958,11,7,131.91,282318159745.0,101.4,80,18.2,34,18952038,46.227638,2.213749
29,1700,65,1958,2,2,117.24,21427700000000.0,101.8,78.5,9.6,36.6,328239523,46.818188,8.227512
30,2400,84,1939,1,1,117.24,21427700000000.0,101.8,78.5,9.6,36.6,328239523,50.503887,4.469936
31,2100,55,1967,6,21,281.66,153781069118.0,99,71.6,20.1,45.2,44385155,37.09024,-95.712891
31,1700,88,1935,1,1,114.41,372062527489.0,100.6,83.1,13.1,21,5703569,37.09024,-95.712891
33,6800,63,1959,4,5,117.24,21427700000000.0,101.8,78.5,9.6,36.6,328239523,35.86166,104.195397
34,7800,77,1945,11,19,117.24,21427700000000.0,101.8,78.5,9.6,36.6,328239523,37.09024,-95.712891
35,4300,71,1951,7,31,125.08,19910000000000.0,100.2,77,9.4,59.2,1397715000,37.09024,-95.712891
35,1800,58,1964,7,28,180.44,2611000000000.0,113,69.4,11.2,49.7,1366417754,47.516231,14.550072
37,6700,57,1965,11,4,117.24,21427700000000.0,101.8,78.5,9.6,36.6,328239523,35.86166,104.195397
38,1000,59,1963,5,7,114.41,372062527489.0,100.6,83.1,13.1,21,5703569,36.204824,138.252924
39,1200,60,1962,4,15,151.18,1119190780753.0,106.4,71.5,10.2,30.1,270203917,55.378051,-3.435973
40,1500,73,1949,8,8,125.08,19910000000000.0,100.2,77,9.4,59.2,1397715000,37.09024,-95.712891
41,1500,49,1973,8,23,117.24,21427700000000.0,101.8,78.5,9.6,36.6,328239523,37.09024,-95.712891
41,1200,60,1963,1,20,121.64,160967157504.0,100.8,75.8,23,37.9,9769949,46.818188,8.227512
43,7900,49,1973,5,16,115.16,2029000000000.0,98.1,82.6,15.6,33.2,51709098,46.818188,8.227512
43,3000,79,1944,1,15,116.76,1736425629520.0,100.9,81.9,12.8,24.5,36991981,35.86166,104.195397
45,3500,76,1947,1,26,117.24,21427700000000.0,101.8,78.5,9.6,36.6,328239523,51.165691,10.451526
46,2600,55,1968,2,17,115.91,909070395161.0,104.2,81.8,23,41.2,17332850,37.09024,-95.712891
47,1000,85,1937,6,4,125.08,19910000000000.0,100.2,77,9.4,59.2,1397715000,37.09024,-95.712891
48,5300,87,1935,11,1,117.24,21427700000000.0,101.8,78.5,9.6,36.6,328239523,37.09024,-95.712891
49,37000,90,1933,3,22,110.96,1394116310769.0,102.7,83.3,14.2,47,47076781,51.165691,10.451526
50,2600,70,1952,7,25,112.85,3845630030824.0,104,80.9,11.5,48.8,83132799,-25.274398,133.775136
51,3100,71,1952,2,26,182.75,180161741180.0,104.4,73.2,11.7,28.4,18513930,35.86166,104.195397
52,8400,57,1965,12,4,117.24,21427700000000.0,101.8,78.5,9.6,36.6,328239523,23.634501,-102.552784
53,1600,54,1968,9,28,117.24,21427700000000.0,101.8,78.5,9.6,36.6,328239523,20.593684,78.96288
54,24600,68,1955,1,3,112.85,3845630030824.0,104,80.9,11.5,48.8,83132799,-0.789275,113.921327
55,1100,67,1955,7,29,117.24,21427700000000.0,101.8,78.5,9.6,36.6,328239523,37.09024,-95.712891
56,1000,74,1948,9,30,180.44,2611000000000.0,113,69.4,11.2,49.7,1366417754,23.424076,53.847818
57,2200,77,1946,2,23,117.24,21427700000000.0,101.8,78.5,9.6,36.6,328239523,51.165691,10.451526
58,2300,46,1977,3,29,117.24,21427700000000.0,101.8,78.5,9.6,36.6,328239523,37.09024,-95.712891
59,4800,68,1954,9,20,119.62,2827113184696.0,101.2,81.3,25.5,30.6,66834405,-0.789275,113.921327
60,1200,66,1956,5,30,180.75,1699876578871.0,102.6,72.7,11.4,46.2,144373535,61.52401,105.318756
61,1200,63,1960,1,1,117.24,21427700000000.0,101.8,78.5,9.6,36.6,328239523,35.86166,104.195397
62,30000,72,1951,3,27,125.08,19910000000000.0,100.2,77,9.4,59.2,1397715000,35.86166,104.195397
63,3200,48,1975,1,1,180.75,1699876578871.0,102.6,72.7,11.4,46.2,144373535,-35.675147,-71.542969
64,3000,60,1963,1,1,234.44,754411708203.0,93.2,77.4,17.9,42.3,83429615,-0.789275,113.921327
65,1700,79,1944,2,26,110.05,2715518274227.0,102.5,82.5,24.2,60.7,67059887,55.378051,-3.435973
65,4400,77,1945,8,24,117.24,21427700000000.0,101.8,78.5,9.6,36.6,328239523,20.593684,78.96288
67,2700,81,1942,1,1,125.08,19910000000000.0,100.2,77,9.4,59.2,1397715000,36.204824,138.252924
68,2200,68,1954,10,25,180.44,2611000000000.0,113,69.4,11.2,49.7,1366417754,61.52401,105.318756
69,4000,34,1988,7,19,117.24,21427700000000.0,101.8,78.5,9.6,36.6,328239523,46.227638,2.213749
70,9700,69,1954,3,9,125.08,19910000000000.0,100.2,77,9.4,59.2,1397715000,37.09024,-95.712891
71,14800,85,1937,9,8,113.27,543649976166.0,99.8,76.9,14.9,29.5,69625582,61.52401,105.318756
72,1900,67,1956,2,12,117.24,21427700000000.0,101.8,78.5,9.6,36.6,328239523,37.09024,-95.712891
72,1300,85,1937,7,29,99.55,703082435360.0,105.2,83.6,10.1,28.8,8574832,35.86166,104.195397
74,1000,81,1941,11,14,125.08,19910000000000.0,100.2,77,9.4,59.2,1397715000,37.09024,-95.712891
74,1400,61,1961,8,10,180.44,2611000000000.0,113,69.4,11.2,49.7,1366417754,37.09024,-95.712891
76,1800,58,1964,12,29,167.4,1839758040766.0,115.4,75.7,14.2,65.1,212559417,36.204824,138.252924
77,1400,74,1949,2,8,110.51,530832908738.0,126.6,82.5,27.9,49.1,10285453,61.52401,105.318756
77,3700,39,1983,12,30,117.24,21427700000000.0,101.8,78.5,9.6,36.6,328239523,61.52401,105.318756
79,2300,76,1946,8,14,117.24,21427700000000.0,101.8,78.5,9.6,36.6,328239523,37.09024,-95.712891
80,5100,75,1947,7,29,117.24,21427700000000.0,101.8,78.5,9.6,36.6,328239523,-25.274398,133.775136
81,1900,73,1949,8,11,234.44,754411708203.0,93.2,77.4,17.9,42.3,83429615,37.09024,-95.712891
82,2500,81,1942,2,25,117.24,21427700000000.0,101.8,78.5,9.6,36.6,328239523,35.86166,104.195397
83,1200,83,1940,3,5,180.44,2611000000000.0,113,69.4,11.2,49.7,1366417754,35.86166,104.195397
84,3500,79,1943,6,13,167.4,1839758040766.0,115.4,75.7,14.2,65.1,212559417,43.7384176,7.4246158
84,3000,58,1964,9,16,141.54,1258286717125.0,105.8,75,13.1,55.1,126014024,35.86166,104.195397
86,2200,74,1948,9,10,99.55,703082435360.0,105.2,83.6,10.1,28.8,8574832,35.86166,104.195397
86,29700,64,1958,7,17,112.85,3845630030824.0,104,80.9,11.5,48.8,83132799,37.09024,-95.712891
88,16200,87,1935,9,16,110.51,530832908738.0,126.6,82.5,27.9,49.1,10285453,37.09024,-95.712891
89,5200,76,1946,6,3,117.24,21427700000000.0,101.8,78.5,9.6,36.6,328239523,61.52401,105.318756
89,8200,63,1960,3,29,125.08,19910000000000.0,100.2,77,9.4,59.2,1397715000,37.09024,-95.712891
89,4100,75,1947,9,1,117.24,21427700000000.0,101.8,78.5,9.6,36.6,328239523,55.378051,-3.435973
92,1400,54,1968,8,5,117.24,21427700000000.0,101.8,78.5,9.6,36.6,328239523,37.09024,-95.712891
93,2700,78,1944,5,14,119.8,1392680589329.0,100.3,82.7,23,47.4,25766605,37.09024,-95.712891
94,1400,77,1946,2,9,180.44,2611000000000.0,113,69.4,11.2,49.7,1366417754,20.593684,78.96288
94,1300,39,1983,6,11,119.8,1392680589329.0,100.3,82.7,23,47.4,25766605,37.09024,-95.712891
94,3500,50,1972,11,25,117.24,21427700000000.0,101.8,78.5,9.6,36.6,328239523,37.09024,-95.712891
97,1000,78,1944,8,17,125.08,19910000000000.0,100.2,77,9.4,59.2,1397715000,37.09024,-95.712891
97,2200,66,1956,4,6,108.15,395098666122.0,104.9,82.8,23.1,25.3,9053300,46.818188,8.227512
99,1600,82,1940,5,3,125.08,19910000000000.0,100.2,77,9.4,59.2,1397715000,51.165691,10.451526
100,7500,60,1963,2,17,117.24,21427700000000.0,101.8,78.5,9.6,36.6,328239523,49.817492,15.472962
101,2500,82,1940,5,15,119.62,2827113184696.0,101.2,81.3,25.5,30.6,66834405,35.86166,104.195397
101,2800,68,1954,5,25,117.24,21427700000000.0,101.8,78.5,9.6,36.6,328239523,60.128161,18.643501
103,2200,43,1980,3,20,113.27,543649976166.0,99.8,76.9,14.9,29.5,69625582,37.09024,-95.712891
104,2500,97,1925,8,23,180.44,2611000000000.0,113,69.4,11.2,49.7,1366417754,46.818188,8.227512
104,1400,63,1959,10,23,125.08,19910000000000.0,100.2,77,9.4,59.2,1397715000,35.86166,104.195397
106,2400,72,1950,10,21,117.24,21427700000000.0,101.8,78.5,9.6,36.6,328239523,51.165691,10.451526
107,9800,78,1944,10,15,110.05,2715518274227.0,102.5,82.5,24.2,60.7,67059887,46.818188,8.227512
108,3800,33,1989,7,1,110.62,2001244392042.0,101.9,82.9,24.3,59.1,60297396,20.593684,78.96288
108,2100,72,1950,4,24,125.08,19910000000000.0,100.2,77,9.4,59.2,1397715000,37.09024,-95.712891
108,1500,71,1952,2,9,125.08,19910000000000.0,100.2,77,9.4,59.2,1397715000,20.593684,78.96288
108,1500,65,1958,1,14,110.62,2001244392042.0,101.9,82.9,24.3,59.1,60297396,35.86166,104.195397
112,4300,57,1965,10,19,125.08,19910000000000.0,100.2,77,9.4,59.2,1397715000,15.870032,100.992541
113,3000,79,1943,9,14,125.08,19910000000000.0,100.2,77,9.4,59.2,1397715000,37.09024,-95.712891
114,1300,67,1955,9,30,125.08,19910000000000.0,100.2,77,9.4,59.2,1397715000,15.870032,100.992541
115,4500,76,1946,12,2,125.08,19910000000000.0,100.2,77,9.4,59.2,1397715000,55.378051,-3.435973
116,3600,77,1945,8,27,116.76,1736425629520.0,100.9,81.9,12.8,24.5,36991981,35.86166,104.195397
116,1400,82,1940,12,7,180.75,1699876578871.0,102.6,72.7,11.4,46.2,144373535,35.86166,104.195397
118,4100,63,1960,3,13,117.24,21427700000000.0,101.8,78.5,9.6,36.6,328239523,41.377491,64.585262
119,9600,90,1933,3,19,117.24,21427700000000.0,101.8,78.5,9.6,36.6,328239523,1.352083,103.819836
120,2000,69,1954,1,1,112.85,3845630030824.0,104,80.9,11.5,48.8,83132799,20.593684,78.96288
121,1300,87,1936,1,15,117.24,21427700000000.0,101.8,78.5,9.6,36.6,328239523,9.081999,8.675277
122,2100,81,1941,12,18,125.08,19910000000000.0,100.2,77,9.4,59.2,1397715000,55.378051,-3.435973
123,4500,74,1948,5,24,180.44,2611000000000.0,113,69.4,11.2,49.7,1366417754,35.86166,104.195397
124,2000,64,1958,5,3,117.24,21427700000000.0,101.8,78.5,9.6,36.6,328239523,55.378051,-3.435973
124,1200,66,1956,12,31,117.24,21427700000000.0,101.8,78.5,9.6,36.6,328239523,37.09024,-95.712891
126,2900,88,1934,4,26,125.08,19910000000000.0,100.2,77,9.4,59.2,1397715000,37.09024,-95.712891
127,3100,83,1939,12,28,180.75,1699876578871.0,102.6,72.7,11.4,46.2,144373535,37.09024,-95.712891
128,1700,68,1954,9,12,125.08,19910000000000.0,100.2,77,9.4,59.2,1397715000,37.09024,-95.712891
128,5000,73,1949,6,1,117.24,21427700000000.0,101.8,78.5,9.6,36.6,328239523,35.86166,104.195397
130,3200,72,1950,11,27,119.8,1392680589329.0,100.3,82.7,23,47.4,25766605,-25.274398,133.775136
130,3500,60,1963,2,17,125.08,19910000000000.0,100.2,77,9.4,59.2,1397715000,20.593684,78.96288
130,1300,75,1947,4,12,117.24,21427700000000.0,101.8,78.5,9.6,36.6,328239523,37.09024,-95.712891
133,1500,72,1950,11,20,125.08,19910000000000.0,100.2,77,9.4,59.2,1397715000,55.378051,-3.435973
133,5500,65,1957,5,21,117.24,21427700000000.0,101.8,78.5,9.6,36.6,328239523,15.870032,100.992541
133,2500,60,1962,8,19,129.61,376795508680.0,107.5,71.1,14,43.1,108116615,35.86166,104.195397
136,1700,90,1932,4,15,125.08,19910000000000.0,100.2,77,9.4,59.2,1397715000,35.86166,104.195397
137,3700,78,1944,8,11,117.24,21427700000000.0,101.8,78.5,9.6,36.6,328239523,37.09024,-95.712891
138,2100,76,1946,9,12,110.96,1394116310769.0,102.7,83.3,14.2,47,47076781,37.09024,-95.712891
138,2600,63,1959,7,28,141.54,1258286717125.0,105.8,75,13.1,55.1,126014024,37.09024,-95.712891
140,2800,77,1946,1,1,114.41,372062527489.0,100.6,83.1,13.1,21,5703569,23.424076,53.847818
141,2200,75,1947,7,8,117.24,21427700000000.0,101.8,78.5,9.6,36.6,328239523,51.165691,10.451526
142,1300,52,1970,9,23,117.24,21427700000000.0,101.8,78.5,9.6,36.6,328239523,51.165691,10.451526
142,1200,67,1955,5,18,116.76,1736425629520.0,100.9,81.9,12.8,24.5,36991981,35.86166,104.195397
144,1500,62,1961,3,7,180.44,2611000000000.0,113,69.4,11.2,49.7,1366417754,37.09024,-95.712891
145,2000,66,1956,12,15,125.08,19910000000000.0,100.2,77,9.4,59.2,1397715000,37.09024,-95.712891
146,2300,61,1962,1,1,125.08,19910000000000.0,100.2,77,9.4,59.2,1397715000,31.046051,34.851612
147,3800,61,1961,8,28,117.24,21427700000000.0,101.8,78.5,9.6,36.6,328239523,-25.274398,133.775136
148,5500,81,1941,11,13,112.85,3845630030824.0,104,80.9,11.5,48.8,83132799,46.818188,8.227512
148,1700,41,1981,8,29,99.55,703082435360.0,105.2,83.6,10.1,28.8,8574832,41.87194,12.56738
148,8700,99,1924,1,1,112.85,3845630030824.0,104,80.9,11.5,48.8,83132799,-30.559482,22.937506
151,1100,71,1951,8,12,99.55,703082435360.0,105.2,83.6,10.1,28.8,8574832,35.86166,104.195397
151,5000,75,1947,12,18,110.05,2715518274227.0,102.5,82.5,24.2,60.7,67059887,37.09024,-95.712891
153,1800,66,1956,8,21,115.16,2029000000000.0,98.1,82.6,15.6,33.2,51709098,37.09024,-95.712891
153,1300,83,1939,5,23,180.44,2611000000000.0,113,69.4,11.2,49.7,1366417754,23.634501,-102.552784
153,2000,64,1958,11,27,119.62,2827113184696.0,101.2,81.3,25.5,30.6,66834405,37.09024,-95.712891
153,6700,61,1961,12,19,117.24,21427700000000.0,101.8,78.5,9.6,36.6,328239523,37.09024,-95.712891
157,1300,72,1950,5,11,117.24,21427700000000.0,101.8,78.5,9.6,36.6,328239523,-14.235004,-51.92528
157,5500,44,1978,6,28,110.62,2001244392042.0,101.9,82.9,24.3,59.1,60297396,61.52401,105.318756
159,1300,54,1968,11,6,119.62,2827113184696.0,101.2,81.3,25.5,30.6,66834405,35.86166,104.195397
159,1100,92,1930,8,12,125.08,19910000000000.0,100.2,77,9.4,59.2,1397715000,23.424076,53.847818
161,2800,74,1949,1,14,180.44,2611000000000.0,113,69.4,11.2,49.7,1366417754,37.09024,-95.712891
161,38900,67,1956,3,24,117.11,529606710418.0,103.9,81.6,24,55.4,11484055,-25.274398,133.775136
161,1100,75,1948,2,29,125.08,19910000000000.0,100.2,77,9.4,59.2,1397715000,37.09024,-95.712891
164,1700,63,1960,1,1,125.08,19910000000000.0,100.2,77,9.4,59.2,1397715000,37.09024,-95.712891
165,9200,96,1926,7,2,180.44,2611000000000.0,113,69.4,11.2,49.7,1366417754,37.09024,-95.712891
165,3000,85,1937,7,12,117.24,21427700000000.0,101.8,78.5,9.6,36.6,328239523,61.52401,105.318756
167,1300,58,1964,8,15,125.08,19910000000000.0,100.2,77,9.4,59.2,1397715000,1.352083,103.819836
167,1100,78,1944,8,4,112.85,3845630030824.0,104,80.9,11.5,48.8,83132799,51.165691,10.451526
167,1600,52,1971,4,1,117.24,21427700000000.0,101.8,78.5,9.6,36.6,328239523,37.09024,-95.712891
170,1800,72,1950,11,29,117.24,21427700000000.0,101.8,78.5,9.6,36.6,328239523,-25.274398,133.775136
171,1500,88,1934,10,23,99.55,703082435360.0,105.2,83.6,10.1,28.8,8574832,4.210484,101.975766
171,4300,48,1974,5,20,117.24,21427700000000.0,101.8,78.5,9.6,36.6,328239523,35.86166,104.195397
171,2200,48,1974,5,2,117.24,21427700000000.0,101.8,78.5,9.6,36.6,328239523,37.09024,-95.712891
171,8800,92,1931,3,11,117.24,21427700000000.0,101.8,78.5,9.6,36.6,328239523,35.86166,104.195397
171,1400,68,1954,12,10,125.08,19910000000000.0,100.2,77,9.4,59.2,1397715000,23.424076,53.847818
171,1400,59,1963,11,1,125.08,19910000000000.0,100.2,77,9.4,59.2,1397715000,46.818188,8.227512
171,1500,85,1937,6,17,125.08,19910000000000.0,100.2,77,9.4,59.2,1397715000,46.227638,2.213749
171,8200,67,1956,1,8,180.44,2611000000000.0,113,69.4,11.2,49.7,1366417754,46.227638,2.213749
179,3200,76,1946,9,1,117.24,21427700000000.0,101.8,78.5,9.6,36.6,328239523,46.227638,2.213749
179,5600,67,1956,3,13,108.15,395098666122.0,104.9,82.8,23.1,25.3,9053300,60.128161,18.643501
179,2700,67,1956,1,10,182.75,180161741180.0,104.4,73.2,11.7,28.4,18513930,61.52401,105.318756
182,1100,55,1967,9,8,125.08,19910000000000.0,100.2,77,9.4,59.2,1397715000,35.907757,127.766922
183,1200,84,1938,4,25,108.15,395098666122.0,104.9,82.8,23.1,25.3,9053300,35.86166,104.195397
184,2200,86,1936,11,11,117.24,21427700000000.0,101.8,78.5,9.6,36.6,328239523,51.165691,10.451526
184,2000,58,1964,11,23,125.08,19910000000000.0,100.2,77,9.4,59.2,1397715000,35.86166,104.195397
184,5300,55,1967,10,1,117.24,21427700000000.0,101.8,78.5,9.6,36.6,328239523,37.09024,-95.712891
184,21600,66,1956,5,30,117.24,21427700000000.0,101.8,78.5,9.6,36.6,328239523,35.86166,104.195397
184,1100,77,1945,8,29,117.24,21427700000000.0,101.8,78.5,9.6,36.6,328239523,35.86166,104.195397
184,1900,78,1944,10,19,99.55,703082435360.0,105.2,83.6,10.1,28.8,8574832,37.09024,-95.712891
190,2700,75,1947,11,29,180.44,2611000000000.0,113,69.4,11.2,49.7,1366417754,37.09024,-95.712891
190,6600,59,1963,11,6,112.85,3845630030824.0,104,80.9,11.5,48.8,83132799,37.09024,-95.712891
190,1000,46,1977,2,13,125.08,19910000000000.0,100.2,77,9.4,59.2,1397715000,37.09024,-95.712891
190,8000,88,1934,7,20,117.24,21427700000000.0,101.8,78.5,9.6,36.6,328239523,46.227638,2.213749
190,16700,69,1953,9,14,99.55,703082435360.0,105.2,83.6,10.1,28.8,8574832,56.130366,-106.346771
195,7500,62,1961,1,7,117.24,21427700000000.0,101.8,78.5,9.6,36.6,328239523,46.818188,8.227512
195,1900,46,1977,3,30,125.08,19910000000000.0,100.2,77,9.4,59.2,1397715000,35.86166,104.195397
195,3400,48,1975,3,6,117.24,21427700000000.0,101.8,78.5,9.6,36.6,328239523,37.09024,-95.712891
195,1600,68,1954,4,22,180.44,2611000000000.0,113,69.4,11.2,49.7,1366417754,55.378051,-3.435973
195,8800,69,1953,7,11,180.75,1699876578871.0,102.6,72.7,11.4,46.2,144373535,61.52401,105.318756
195,1800,84,1938,8,7,115.91,909070395161.0,104.2,81.8,23,41.2,17332850,60.128161,18.643501
195,3200,87,1935,10,15,125.08,19910000000000.0,100.2,77,9.4,59.2,1397715000,49.817492,15.472962
202,1600,58,1964,7,4,117.24,21427700000000.0,101.8,78.5,9.6,36.6,328239523,37.09024,-95.712891
202,1800,70,1953,3,1,110.96,1394116310769.0,102.7,83.3,14.2,47,47076781,20.593684,78.96288
204,2800,60,1962,10,17,127.63,27089389787.0,107.4,69.6,17.1,23.1,16486542,37.09024,-95.712891
204,4600,89,1933,12,20,117.24,21427700000000.0,101.8,78.5,9.6,36.6,328239523,37.09024,-95.712891
206,1200,75,1948,3,19,117.24,21427700000000.0,101.8,78.5,9.6,36.6,328239523,37.09024,-95.712891
206,1300,82,1940,9,21,117.24,21427700000000.0,101.8,78.5,9.6,36.6,328239523,46.818188,8.227512
208,7900,67,1955,5,5,125.08,19910000000000.0,100.2,77,9.4,59.2,1397715000,51.165691,10.451526
208,3100,64,1958,12,2,180.44,2611000000000.0,113,69.4,11.2,49.7,1366417754,56.130366,-106.346771
208,2000,36,1986,9,19,108.15,395098666122.0,104.9,82.8,23.1,25.3,9053300,35.86166,104.195397
208,2700,91,1932,1,4,117.24,21427700000000.0,101.8,78.5,9.6,36.6,328239523,55.378051,-3.435973
208,1300,52,1971,1,1,180.44,2611000000000.0,113,69.4,11.2,49.7,1366417754,55.378051,-3.435973
208,1200,63,1959,9,15,110.51,530832908738.0,126.6,82.5,27.9,49.1,10285453,55.378051,-3.435973
208,6800,44,1978,10,4,119.62,2827113184696.0,101.2,81.3,25.5,30.6,66834405,61.52401,105.318756
215,2400,65,1957,7,4,180.44,2611000000000.0,113,69.4,11.2,49.7,1366417754,37.09024,-95.712891
215,1600,54,1968,9,11,125.08,19910000000000.0,100.2,77,9.4,59.2,1397715000,35.86166,104.195397
215,5200,55,1967,10,11,117.24,21427700000000.0,101.8,78.5,9.6,36.6,328239523,37.09024,-95.712891
215,7300,72,1951,2,16,125.08,19910000000000.0,100.2,77,9.4,59.2,1397715000,37.09024,-95.712891
215,3600,74,1948,8,14,117.24,21427700000000.0,101.8,78.5,9.6,36.6,328239523,35.86166,104.195397
220,5600,32,1990,6,4,117.24,21427700000000.0,101.8,78.5,9.6,36.6,328239523,55.378051,-3.435973
220,1200,81,1942,1,27,125.08,19910000000000.0,100.2,77,9.4,59.2,1397715000,35.86166,104.195397
220,2100,84,1938,11,19,117.24,21427700000000.0,101.8,78.5,9.6,36.6,328239523,51.165691,10.451526
223,1600,53,1970,2,4,119.8,1392680589329.0,100.3,82.7,23,47.4,25766605,37.09024,-95.712891
223,1500,70,1953,3,18,121.46,364701517788.0,105.3,76,12,38.7,32447385,-40.900557,174.885971
223,1100,71,1952,3,25,180.44,2611000000000.0,113,69.4,11.2,49.7,1366417754,20.593684,78.96288
223,3200,78,1944,8,22,115.16,2029000000000.0,98.1,82.6,15.6,33.2,51709098,51.165691,10.451526
223,2200,64,1958,4,28,119.8,1392680589329.0,100.3,82.7,23,47.4,25766605,46.818188,8.227512
223,3400,63,1959,12,1,99.55,703082435360.0,105.2,83.6,10.1,28.8,8574832,12.879721,121.774017
223,1600,41,1982,1,9,105.48,5081769542380.0,98.8,84.2,11.9,46.7,126226568,37.09024,-95.712891
230,2700,62,1960,11,1,158.93,351431649241.0,100.9,63.9,27.5,29.2,58558270,37.09024,-95.712891
230,3600,73,1950,2,3,99.55,703082435360.0,105.2,83.6,10.1,28.8,8574832,37.09024,-95.712891
232,1700,71,1951,10,12,117.24,21427700000000.0,101.8,78.5,9.6,36.6,328239523,35.86166,104.195397
232,10900,60,1962,8,19,117.24,21427700000000.0,101.8,78.5,9.6,36.6,328239523,37.09024,-95.712891
232,8900,57,1966,2,13,119.62,2827113184696.0,101.2,81.3,25.5,30.6,66834405,-30.559482,22.937506
232,1800,57,1965,11,16,125.08,19910000000000.0,100.2,77,9.4,59.2,1397715000,-25.274398,133.775136
232,1200,56,1966,8,12,180.44,2611000000000.0,113,69.4,11.2,49.7,1366417754,35.86166,104.195397
232,1100,78,1944,12,29,180.44,2611000000000.0,113,69.4,11.2,49.7,1366417754,37.09024,-95.712891
232,1000,50,1973,3,21,158.93,351431649241.0,100.9,63.9,27.5,29.2,58558270,43.7384176,7.4246158
239,1500,75,1948,2,23,119.8,1392680589329.0,100.3,82.7,23,47.4,25766605,46.818188,8.227512
239,2900,74,1949,2,14,110.51,530832908738.0,126.6,82.5,27.9,49.1,10285453,61.52401,105.318756
239,4700,75,1948,1,8,234.44,754411708203.0,93.2,77.4,17.9,42.3,83429615,9.081999,8.675277
242,3600,70,1952,11,22,99.55,703082435360.0,105.2,83.6,10.1,28.8,8574832,37.09024,-95.712891
242,5800,56,1966,4,15,110.35,348078018464.0,101.3,81,32.4,23.8,5818553,20.593684,78.96288
242,5500,61,1961,8,27,117.24,21427700000000.0,101.8,78.5,9.6,36.6,328239523,35.86166,104.195397
242,2900,80,1943,1,6,112.85,3845630030824.0,104,80.9,11.5,48.8,83132799,35.86166,104.195397
246,1700,77,1945,7,23,117.24,21427700000000.0,101.8,78.5,9.6,36.6,328239523,46.227638,2.213749
246,7900,60,1963,3,19,117.24,21427700000000.0,101.8,78.5,9.6,36.6,328239523,46.227638,2.213749
246,1500,42,1981,2,15,114.41,372062527489.0,100.6,83.1,13.1,21,5703569,37.09024,-95.712891
249,1100,81,1941,8,15,180.75,1699876578871.0,102.6,72.7,11.4,46.2,144373535,46.227638,2.213749
249,6000,75,1948,4,2,117.24,21427700000000.0,101.8,78.5,9.6,36.6,328239523,46.818188,8.227512
249,6700,54,1968,9,17,125.08,19910000000000.0,100.2,77,9.4,59.2,1397715000,37.09024,-95.712891
249,1500,50,1973,3,26,114.52,421142267938.0,108.4,77.8,0.1,15.9,9770529,61.52401,105.318756
249,1100,60,1962,12,1,125.08,19910000000000.0,100.2,77,9.4,59.2,1397715000,37.09024,-95.712891
249,4000,53,1969,9,14,99.55,703082435360.0,105.2,83.6,10.1,28.8,8574832,37.09024,-95.712891
249,4800,76,1946,11,6,112.85,3845630030824.0,104,80.9,11.5,48.8,83132799,37.09024,-95.712891
256,3300,51,1972,2,17,108.15,395098666122.0,104.9,82.8,23.1,25.3,9053300,49.817492,15.472962
256,2400,41,1981,8,21,117.24,21427700000000.0,101.8,78.5,9.6,36.6,328239523,43.7384176,7.4246158
256,27000,98,1924,8,15,119.8,1392680589329.0,100.3,82.7,23,47.4,25766605,37.09024,-95.712891
256,22100,62,1960,9,23,180.75,1699876578871.0,102.6,72.7,11.4,46.2,144373535,35.86166,104.195397
256,2400,60,1962,4,12,117.24,21427700000000.0,101.8,78.5,9.6,36.6,328239523,37.09024,-95.712891
261,27400,45,1978,3,10,112.85,3845630030824.0,104,80.9,11.5,48.8,83132799,35.907757,127.766922
261,1200,67,1955,4,27,125.08,19910000000000.0,100.2,77,9.4,59.2,1397715000,37.09024,-95.712891
261,4600,69,1953,9,26,117.24,21427700000000.0,101.8,78.5,9.6,36.6,328239523,37.09024,-95.712891
261,4100,80,1942,12,7,180.75,1699876578871.0,102.6,72.7,11.4,46.2,144373535,61.52401,105.318756
261,2800,66,1957,2,18,180.44,2611000000000.0,113,69.4,11.2,49.7,1366417754,47.516231,14.550072
261,13300,43,1980,1,6,117.24,21427700000000.0,101.8,78.5,9.6,36.6,328239523,37.09024,-95.712891
261,1500,79,1943,9,2,117.24,21427700000000.0,101.8,78.5,9.6,36.6,328239523,35.86166,104.195397
268,1500,87,1936,2,25,117.24,21427700000000.0,101.8,78.5,9.6,36.6,328239523,46.227638,104.195397
268,1900,80,1942,4,15,180.44,2611000000000.0,113,69.4,11.2,49.7,1366417754,46.227638,104.195397
268,2500,37,1985,4,21,180.75,1699876578871.0,102.6,72.7,11.4,46.2,144373535,37.09024,2.213749
268,3000,87,1935,12,23,125.08,19910000000000.0,100.2,77,9.4,59.2,1397715000,35.86166,2.213749
268,4200,58,1965,1,16,117.24,21427700000000.0,101.8,78.5,9.6,36.6,328239523,35.86166,-95.712891
268,2800,71,1952,1,19,180.44,2611000000000.0,113,69.4,11.2,49.7,1366417754,37.09024,104.195397
268,1300,58,1965,2,23,180.75,1699876578871.0,102.6,72.7,11.4,46.2,144373535,37.09024,104.195397
268,1000,77,1945,9,10,125.08,19910000000000.0,100.2,77,9.4,59.2,1397715000,60.472024,-95.712891
276,1900,73,1949,10,28,119.62,2827113184696.0,101.2,81.3,25.5,30.6,66834405,35.86166,-95.712891
276,2700,66,1957,2,26,117.24,21427700000000.0,101.8,78.5,9.6,36.6,328239523,20.593684,8.468946
276,1600,49,1974,3,9,117.24,21427700000000.0,101.8,78.5,9.6,36.6,328239523,55.378051,104.195397
276,2800,63,1959,5,27,117.24,21427700000000.0,101.8,78.5,9.6,36.6,328239523,37.09024,78.96288
276,1200,76,1946,5,5,119.8,1392680589329.0,100.3,82.7,23,47.4,25766605,1.352083,-3.435973
276,8100,51,1972,3,31,110.05,2715518274227.0,102.5,82.5,24.2,60.7,67059887,55.378051,-95.712891
282,21600,43,1980,1,1,180.75,1699876578871.0,102.6,72.7,11.4,46.2,144373535,37.09024,103.819836
282,1800,61,1962,2,24,167.4,1839758040766.0,115.4,75.7,14.2,65.1,212559417,35.86166,-3.435973
282,3400,38,1984,5,14,115.16,2029000000000.0,98.1,82.6,15.6,33.2,51709098,37.09024,-95.712891
282,21100,83,1939,5,23,117.24,21427700000000.0,101.8,78.5,9.6,36.6,328239523,37.09024,104.195397
282,1900,72,1951,1,9,113.27,543649976166.0,99.8,76.9,14.9,29.5,69625582,35.86166,-95.712891
282,1100,68,1954,6,23,117.24,21427700000000.0,101.8,78.5,9.6,36.6,328239523,37.09024,-95.712891
282,1100,59,1964,1,12,125.08,19910000000000.0,100.2,77,9.4,59.2,1397715000,37.09024,104.195397
282,1000,61,1961,7,9,180.44,2611000000000.0,113,69.4,11.2,49.7,1366417754,1.352083,-95.712891
290,2300,66,1956,8,4,110.62,2001244392042.0,101.9,82.9,24.3,59.1,60297396,37.09024,-95.712891
290,4900,95,1928,1,16,151.18,1119190780753.0,106.4,71.5,10.2,30.1,270203917,55.378051,103.819836
290,3000,50,1973,1,1,125.08,19910000000000.0,100.2,77,9.4,59.2,1397715000,35.86166,-95.712891
290,10300,47,1975,5,21,117.24,21427700000000.0,101.8,78.5,9.6,36.6,328239523,1.352083,-3.435973
290,1200,72,1951,3,29,117.24,21427700000000.0,101.8,78.5,9.6,36.6,328239523,37.09024,104.195397
290,1400,59,1964,3,16,117.24,21427700000000.0,101.8,78.5,9.6,36.6,328239523,26.820553,103.819836
290,4100,65,1957,10,8,119.8,1392680589329.0,100.3,82.7,23,47.4,25766605,37.09024,-95.712891
290,5700,69,1953,8,10,117.24,21427700000000.0,101.8,78.5,9.6,36.6,328239523,20.593684,30.802498
290,2200,81,1942,2,2,117.24,21427700000000.0,101.8,78.5,9.6,36.6,328239523,61.52401,-95.712891
299,1500,80,1943,1,2,117.24,21427700000000.0,101.8,78.5,9.6,36.6,328239523,56.26392,78.96288
299,5900,69,1954,3,1,125.08,19910000000000.0,100.2,77,9.4,59.2,1397715000,12.879721,105.318756
299,2600,66,1957,1,21,112.85,3845630030824.0,104,80.9,11.5,48.8,83132799,35.86166,9.501785
299,26600,76,1946,7,4,141.54,1258286717125.0,105.8,75,13.1,55.1,126014024,37.09024,121.774017
299,6000,71,1951,6,29,180.44,2611000000000.0,113,69.4,11.2,49.7,1366417754,37.09024,104.195397
299,1000,63,1959,12,21,180.75,1699876578871.0,102.6,72.7,11.4,46.2,144373535,37.09024,-95.712891
305,2900,72,1951,3,9,116.76,1736425629520.0,100.9,81.9,12.8,24.5,36991981,37.09024,78.96288
305,1900,64,1959,1,26,117.24,21427700000000.0,101.8,78.5,9.6,36.6,328239523,23.424076,78.96288
305,1300,80,1943,1,1,125.08,19910000000000.0,100.2,77,9.4,59.2,1397715000,36.204824,-95.712891
305,1000,81,1941,5,19,105.48,5081769542380.0,98.8,84.2,11.9,46.7,126226568,35.86166,-95.712891
305,1500,46,1976,8,6,121.64,160967157504.0,100.8,75.8,23,37.9,9769949,37.09024,-95.712891
305,7400,50,1972,7,20,117.24,21427700000000.0,101.8,78.5,9.6,36.6,328239523,47.516231,-102.552784
305,1500,85,1937,5,15,108.15,395098666122.0,104.9,82.8,23.1,25.3,9053300,37.09024,-95.712891
312,3300,53,1969,8,28,288.57,303175127598.0,106.3,71.8,12.5,44.4,100388073,35.86166,-95.712891
312,3200,67,1955,9,16,180.44,2611000000000.0,113,69.4,11.2,49.7,1366417754,46.818188,-95.712891
312,3500,40,1982,11,1,113.27,543649976166.0,99.8,76.9,14.9,29.5,69625582,1.352083,104.195397
312,2400,67,1956,1,1,117.24,21427700000000.0,101.8,78.5,9.6,36.6,328239523,35.86166,-95.712891
312,1600,87,1935,8,20,117.24,21427700000000.0,101.8,78.5,9.6,36.6,328239523,37.09024,-3.74922
317,6200,88,1935,4,4,110.51,530832908738.0,126.6,82.5,27.9,49.1,10285453,55.378051,-95.712891
317,1800,51,1971,6,28,117.24,21427700000000.0,101.8,78.5,9.6,36.6,328239523,55.378051,-95.712891
317,3900,53,1969,10,27,117.24,21427700000000.0,101.8,78.5,9.6,36.6,328239523,37.09024,12.56738
317,2200,68,1955,3,2,125.08,19910000000000.0,100.2,77,9.4,59.2,1397715000,20.593684,-3.435973
317,7200,85,1937,12,31,117.24,21427700000000.0,101.8,78.5,9.6,36.6,328239523,37.09024,-95.712891
317,1300,66,1957,1,23,105.48,5081769542380.0,98.8,84.2,11.9,46.7,126226568,20.593684,-95.712891
317,5700,73,1949,4,7,281.66,153781069118.0,99,71.6,20.1,45.2,44385155,20.593684,-95.712891
317,1100,89,1933,5,28,125.08,19910000000000.0,100.2,77,9.4,59.2,1397715000,37.09024,-95.712891
325,2600,69,1953,12,29,117.24,21427700000000.0,101.8,78.5,9.6,36.6,328239523,37.09024,-95.712891
325,4000,69,1954,1,22,117.24,21427700000000.0,101.8,78.5,9.6,36.6,328239523,37.09024,-95.712891
325,2700,52,1970,4,23,117.24,21427700000000.0,101.8,78.5,9.6,36.6,328239523,23.634501,-95.712891
325,8600,64,1958,6,10,114.24,206928765544.0,100,81.9,29,34.6,4841000,37.09024,105.318756
325,1600,80,1942,12,1,125.08,19910000000000.0,100.2,77,9.4,59.2,1397715000,37.09024,104.195397
325,4900,45,1977,6,14,151.18,1119190780753.0,106.4,71.5,10.2,30.1,270203917,37.09024,-95.712891
325,5400,80,1942,4,28,118.06,446314739528.0,103.1,81.6,25.4,51.4,8877067,35.86166,-95.712891
332,2300,80,1942,11,27,117.24,21427700000000.0,101.8,78.5,9.6,36.6,328239523,37.09024,-3.435973
332,18700,78,1945,3,30,125.08,19910000000000.0,100.2,77,9.4,59.2,1397715000,40.463667,9.501785
332,1100,64,1958,9,3,125.08,19910000000000.0,100.2,77,9.4,59.2,1397715000,37.09024,9.501785
332,1400,54,1968,12,3,114.41,372062527489.0,100.6,83.1,13.1,21,5703569,37.09024,9.501785
332,1600,44,1978,6,1,125.08,19910000000000.0,100.2,77,9.4,59.2,1397715000,41.87194,12.56738
332,14900,80,1942,4,9,113.27,543649976166.0,99.8,76.9,14.9,29.5,69625582,55.378051,104.195397
332,2500,63,1959,5,22,117.24,21427700000000.0,101.8,78.5,9.6,36.6,328239523,37.09024,104.195397
332,1300,80,1942,9,1,110.51,530832908738.0,126.6,82.5,27.9,49.1,10285453,37.09024,8.227512
332,7400,58,1965,1,19,288.57,303175127598.0,106.3,71.8,12.5,44.4,100388073,37.09024,2.213749
332,1900,47,1976,2,24,125.08,19910000000000.0,100.2,77,9.4,59.2,1397715000,37.09024,-95.712891
332,2400,74,1948,9,7,116.76,1736425629520.0,100.9,81.9,12.8,24.5,36991981,37.09024,-95.712891
332,2600,61,1961,7,13,112.85,3845630030824.0,104,80.9,11.5,48.8,83132799,37.09024,-95.712891
344,1500,80,1943,3,10,99.55,703082435360.0,105.2,83.6,10.1,28.8,8574832,37.09024,-95.712891
344,2300,73,1949,5,27,117.24,21427700000000.0,101.8,78.5,9.6,36.6,328239523,61.52401,-95.712891
344,1300,65,1957,11,25,117.24,21427700000000.0,101.8,78.5,9.6,36.6,328239523,35.86166,9.501785
344,1900,70,1952,11,29,125.08,19910000000000.0,100.2,77,9.4,59.2,1397715000,37.09024,-95.712891
344,1000,46,1976,9,1,110.05,2715518274227.0,102.5,82.5,24.2,60.7,67059887,37.09024,104.195397
344,1100,74,1948,10,31,125.08,19910000000000.0,100.2,77,9.4,59.2,1397715000,55.378051,8.227512
344,8800,80,1942,9,27,125.08,19910000000000.0,100.2,77,9.4,59.2,1397715000,56.26392,-95.712891
344,3200,51,1972,1,1,99.55,703082435360.0,105.2,83.6,10.1,28.8,8574832,56.26392,-95.712891
352,4200,60,1962,5,5,110.05,2715518274227.0,102.5,82.5,24.2,60.7,67059887,56.26392,-95.712891
352,4100,79,1943,6,30,117.24,21427700000000.0,101.8,78.5,9.6,36.6,328239523,41.87194,-95.712891
352,5900,41,1981,4,22,117.24,21427700000000.0,101.8,78.5,9.6,36.6,328239523,35.86166,-95.712891
352,1000,49,1973,9,20,125.08,19910000000000.0,100.2,77,9.4,59.2,1397715000,35.86166,10.451526
352,1100,69,1953,7,19,117.24,21427700000000.0,101.8,78.5,9.6,36.6,328239523,46.818188,-95.712891
352,1200,44,1979,4,1,115.16,2029000000000.0,98.1,82.6,15.6,33.2,51709098,46.227638,-95.712891
352,1400,72,1951,2,19,125.08,19910000000000.0,100.2,77,9.4,59.2,1397715000,37.09024,-95.712891
352,58800,82,1940,10,3,117.24,21427700000000.0,101.8,78.5,9.6,36.6,328239523,37.09024,-95.712891
352,6600,88,1934,7,27,99.55,703082435360.0,105.2,83.6,10.1,28.8,8574832,37.09024,-95.712891
352,2100,59,1964,3,9,110.96,1394116310769.0,102.7,83.3,14.2,47,47076781,37.09024,-95.712891
352,4200,64,1959,1,30,117.24,21427700000000.0,101.8,78.5,9.6,36.6,328239523,37.09024,-95.712891
352,2000,69,1954,2,26,114.41,372062527489.0,100.6,83.1,13.1,21,5703569,56.26392,9.501785
352,1600,86,1936,12,24,117.24,21427700000000.0,101.8,78.5,9.6,36.6,328239523,37.09024,-95.712891
365,4600,50,1972,8,13,117.24,21427700000000.0,101.8,78.5,9.6,36.6,328239523,35.86166,104.195397
365,20900,43,1980,1,10,180.75,1699876578871.0,102.6,72.7,11.4,46.2,144373535,46.818188,8.227512
365,2900,81,1941,4,20,119.62,2827113184696.0,101.2,81.3,25.5,30.6,66834405,37.09024,-95.712891
365,5200,38,1984,12,30,125.08,19910000000000.0,100.2,77,9.4,59.2,1397715000,37.09024,-95.712891
365,1200,57,1966,2,4,117.24,21427700000000.0,101.8,78.5,9.6,36.6,328239523,37.09024,-95.712891
365,2400,56,1966,5,11,114.52,421142267938.0,108.4,77.8,0.1,15.9,9770529,37.09024,-95.712891
365,1700,65,1957,5,10,180.44,2611000000000.0,113,69.4,11.2,49.7,1366417754,37.09024,-95.712891
365,10100,42,1980,10,21,125.08,19910000000000.0,100.2,77,9.4,59.2,1397715000,51.165691,10.451526
365,1600,78,1945,2,25,113.27,543649976166.0,99.8,76.9,14.9,29.5,69625582,37.09024,-95.712891
365,4300,75,1947,4,14,180.75,1699876578871.0,102.6,72.7,11.4,46.2,144373535,37.09024,-95.712891
365,10200,67,1955,12,17,234.44,754411708203.0,93.2,77.4,17.9,42.3,83429615,37.09024,-95.712891
365,2000,82,1941,1,1,119.8,1392680589329.0,100.3,82.7,23,47.4,25766605,55.378051,-3.435973
365,8600,54,1969,2,20,117.24,21427700000000.0,101.8,78.5,9.6,36.6,328239523,43.7384176,7.4246158
365,4300,77,1945,10,10,125.08,19910000000000.0,100.2,77,9.4,59.2,1397715000,46.818188,8.227512
365,1100,93,1929,4,10,125.08,19910000000000.0,100.2,77,9.4,59.2,1397715000,60.128161,18.643501
365,2700,74,1949,1,1,117.24,21427700000000.0,101.8,78.5,9.6,36.6,328239523,37.09024,-95.712891
365,7200,33,1989,7,11,125.08,19910000000000.0,100.2,77,9.4,59.2,1397715000,37.09024,-95.712891
365,1200,60,1963,2,28,125.08,19910000000000.0,100.2,77,9.4,59.2,1397715000,35.86166,104.195397
383,2600,74,1948,6,7,117.24,21427700000000.0,101.8,78.5,9.6,36.6,328239523,46.227638,2.213749
383,3000,82,1941,1,2,99.55,703082435360.0,105.2,83.6,10.1,28.8,8574832,43.7384176,7.4246158
383,2400,37,1985,8,4,99.55,703082435360.0,105.2,83.6,10.1,28.8,8574832,4.570868,-74.297333
383,2500,76,1947,2,14,234.44,754411708203.0,93.2,77.4,17.9,42.3,83429615,37.09024,-95.712891
383,1900,46,1977,3,26,180.44,2611000000000.0,113,69.4,11.2,49.7,1366417754,55.378051,-3.435973
383,1500,65,1957,4,12,117.24,21427700000000.0,101.8,78.5,9.6,36.6,328239523,35.86166,104.195397
383,2100,87,1936,2,16,117.24,21427700000000.0,101.8,78.5,9.6,36.6,328239523,55.378051,-3.435973
390,3300,62,1961,3,27,117.24,21427700000000.0,101.8,78.5,9.6,36.6,328239523,46.227638,2.213749
390,1400,90,1933,1,7,114.41,372062527489.0,100.6,83.1,13.1,21,5703569,35.86166,104.195397
390,6500,66,1956,7,1,117.24,21427700000000.0,101.8,78.5,9.6,36.6,328239523,31.046051,34.851612
390,8400,94,1928,12,25,119.8,1392680589329.0,100.3,82.7,23,47.4,25766605,23.634501,-102.552784
390,1500,81,1941,5,31,108.15,395098666122.0,104.9,82.8,23.1,25.3,9053300,60.128161,18.643501
390,11600,51,1971,12,1,117.24,21427700000000.0,101.8,78.5,9.6,36.6,328239523,52.132633,5.291266
390,45000,59,1964,3,26,125.08,19910000000000.0,100.2,77,9.4,59.2,1397715000,35.86166,104.195397
397,3200,71,1951,7,2,112.85,3845630030824.0,104,80.9,11.5,48.8,83132799,35.86166,104.195397
397,1200,53,1969,8,12,112.85,3845630030824.0,104,80.9,11.5,48.8,83132799,35.86166,104.195397
397,3200,77,1946,1,1,125.08,19910000000000.0,100.2,77,9.4,59.2,1397715000,51.919438,19.145136
397,5500,70,1953,3,1,117.24,21427700000000.0,101.8,78.5,9.6,36.6,328239523,9.081999,8.675277
397,1600,69,1953,7,25,125.08,19910000000000.0,100.2,77,9.4,59.2,1397715000,37.09024,-95.712891
397,9400,58,1964,9,25,125.08,19910000000000.0,100.2,77,9.4,59.2,1397715000,51.165691,10.451526
397,7400,79,1943,4,25,117.24,21427700000000.0,101.8,78.5,9.6,36.6,328239523,51.165691,10.451526
397,1600,58,1965,2,27,117.24,21427700000000.0,101.8,78.5,9.6,36.6,328239523,61.52401,105.318756
405,4200,59,1964,1,1,117.24,21427700000000.0,101.8,78.5,9.6,36.6,328239523,47.516231,14.550072
405,2100,57,1965,11,7,180.44,2611000000000.0,113,69.4,11.2,49.7,1366417754,37.09024,-95.712891
405,1600,93,1929,8,5,125.08,19910000000000.0,100.2,77,9.4,59.2,1397715000,56.130366,-106.346771
405,4600,63,1959,10,3,151.36,169988236398.0,109.9,76.7,37.2,66.1,43053054,37.09024,-95.712891
405,2600,52,1970,12,13,110.51,530832908738.0,126.6,82.5,27.9,49.1,10285453,20.593684,78.96288
405,5200,63,1959,6,13,119.62,2827113184696.0,101.2,81.3,25.5,30.6,66834405,15.870032,100.992541
411,12900,83,1939,10,10,117.24,21427700000000.0,101.8,78.5,9.6,36.6,328239523,31.046051,34.851612
411,1200,40,1983,1,25,117.24,21427700000000.0,101.8,78.5,9.6,36.6,328239523,37.09024,-95.712891
411,1800,86,1937,1,12,125.08,19910000000000.0,100.2,77,9.4,59.2,1397715000,37.09024,-95.712891
411,1500,60,1962,7,1,125.08,19910000000000.0,100.2,77,9.4,59.2,1397715000,37.09024,-95.712891
411,3100,76,1946,4,23,115.16,2029000000000.0,98.1,82.6,15.6,33.2,51709098,35.86166,104.195397
411,8300,61,1961,12,13,117.24,21427700000000.0,101.8,78.5,9.6,36.6,328239523,15.870032,100.992541
411,3400,79,1944,2,14,117.24,21427700000000.0,101.8,78.5,9.6,36.6,328239523,37.09024,-95.712891
418,7100,59,1963,10,3,125.08,19910000000000.0,100.2,77,9.4,59.2,1397715000,37.09024,-95.712891
418,1300,43,1979,8,1,112.85,3845630030824.0,104,80.9,11.5,48.8,83132799,35.86166,104.195397
418,2400,65,1957,8,19,129.61,376795508680.0,107.5,71.1,14,43.1,108116615,37.09024,-95.712891
418,6300,64,1958,8,23,110.05,2715518274227.0,102.5,82.5,24.2,60.7,67059887,56.26392,9.501785
418,1200,73,1949,11,25,234.44,754411708203.0,93.2,77.4,17.9,42.3,83429615,37.09024,-95.712891
418,2200,64,1959,1,7,112.85,3845630030824.0,104,80.9,11.5,48.8,83132799,48.379433,31.16558
418,1100,62,1961,1,27,167.4,1839758040766.0,115.4,75.7,14.2,65.1,212559417,37.09024,-95.712891
425,4100,58,1964,9,23,117.24,21427700000000.0,101.8,78.5,9.6,36.6,328239523,56.130366,-106.346771
425,9700,80,1943,1,1,180.75,1699876578871.0,102.6,72.7,11.4,46.2,144373535,60.128161,18.643501
425,5600,37,1985,8,13,125.08,19910000000000.0,100.2,77,9.4,59.2,1397715000,46.818188,8.227512
425,1700,48,1975,1,1,115.91,909070395161.0,104.2,81.8,23,41.2,17332850,37.09024,-95.712891
425,2100,67,1955,12,18,125.08,19910000000000.0,100.2,77,9.4,59.2,1397715000,37.09024,-95.712891
425,1200,52,1970,12,9,129.18,13672802158.0,92.7,74.9,20.9,22.6,2957731,37.09024,-95.712891
425,9600,81,1942,2,14,125.08,19910000000000.0,100.2,77,9.4,59.2,1397715000,39.074208,21.824312
425,1900,47,1975,12,30,117.24,21427700000000.0,101.8,78.5,9.6,36.6,328239523,37.09024,-95.712891
425,1400,76,1947,3,2,116.76,1736425629520.0,100.9,81.9,12.8,24.5,36991981,35.86166,104.195397
425,1500,56,1966,6,29,117.24,21427700000000.0,101.8,78.5,9.6,36.6,328239523,20.593684,78.96288
425,1900,60,1962,10,1,125.08,19910000000000.0,100.2,77,9.4,59.2,1397715000,37.09024,-95.712891
425,7200,34,1988,9,9,117.24,21427700000000.0,101.8,78.5,9.6,36.6,328239523,35.86166,104.195397
437,5400,85,1938,2,24,112.85,3845630030824.0,104,80.9,11.5,48.8,83132799,37.09024,-95.712891
437,3400,80,1942,7,29,117.24,21427700000000.0,101.8,78.5,9.6,36.6,328239523,37.09024,-95.712891
437,4200,87,1936,3,28,117.24,21427700000000.0,101.8,78.5,9.6,36.6,328239523,31.046051,34.851612
437,1200,65,1957,8,6,117.24,21427700000000.0,101.8,78.5,9.6,36.6,328239523,35.907757,127.766922
437,5200,92,1930,8,30,117.24,21427700000000.0,101.8,78.5,9.6,36.6,328239523,35.86166,104.195397
442,1600,72,1950,8,13,117.24,21427700000000.0,101.8,78.5,9.6,36.6,328239523,37.09024,-95.712891
442,1100,28,1994,5,20,125.08,19910000000000.0,100.2,77,9.4,59.2,1397715000,37.09024,-95.712891
442,9700,61,1961,12,18,115.16,2029000000000.0,98.1,82.6,15.6,33.2,51709098,37.09024,-95.712891
445,1400,42,1980,12,27,151.18,1119190780753.0,106.4,71.5,10.2,30.1,270203917,37.09024,-95.712891
445,6900,63,1960,2,17,117.24,21427700000000.0,101.8,78.5,9.6,36.6,328239523,37.09024,-95.712891
445,1000,68,1954,9,20,117.24,21427700000000.0,101.8,78.5,9.6,36.6,328239523,41.87194,12.56738
445,2300,61,1961,10,31,125.08,19910000000000.0,100.2,77,9.4,59.2,1397715000,37.09024,-95.712891
445,2100,51,1972,1,12,120.27,403336363636.0,100.3,82.8,23.9,36.2,5347896,56.130366,-106.346771
445,3000,96,1926,10,16,117.24,21427700000000.0,101.8,78.5,9.6,36.6,328239523,35.86166,104.195397
445,14000,78,1944,9,30,119.62,2827113184696.0,101.2,81.3,25.5,30.6,66834405,51.165691,10.451526
445,5200,60,1962,7,25,114.52,421142267938.0,108.4,77.8,0.1,15.9,9770529,51.165691,10.451526
445,1500,83,1940,1,21,117.24,21427700000000.0,101.8,78.5,9.6,36.6,328239523,37.09024,-95.712891
445,7500,76,1946,6,14,125.08,19910000000000.0,100.2,77,9.4,59.2,1397715000,37.09024,-95.712891
455,3200,72,1950,7,18,112.85,3845630030824.0,104,80.9,11.5,48.8,83132799,37.09024,-95.712891
455,2100,90,1932,8,22,117.24,21427700000000.0,101.8,78.5,9.6,36.6,328239523,41.87194,12.56738
455,1600,71,1952,2,15,110.05,2715518274227.0,102.5,82.5,24.2,60.7,67059887,37.09024,-95.712891
455,4900,66,1956,6,11,117.24,21427700000000.0,101.8,78.5,9.6,36.6,328239523,-25.274398,133.775136
455,1100,62,1960,10,12,110.62,2001244392042.0,101.9,82.9,24.3,59.1,60297396,35.86166,104.195397
455,2100,89,1933,11,15,117.24,21427700000000.0,101.8,78.5,9.6,36.6,328239523,41.87194,12.56738
455,1400,69,1953,8,1,125.08,19910000000000.0,100.2,77,9.4,59.2,1397715000,20.593684,78.96288
455,2700,78,1944,4,13,125.08,19910000000000.0,100.2,77,9.4,59.2,1397715000,37.09024,-95.712891
455,2900,67,1955,12,14,115.16,2029000000000.0,98.1,82.6,15.6,33.2,51709098,1.352083,103.819836
455,1600,91,1931,8,23,110.96,1394116310769.0,102.7,83.3,14.2,47,47076781,35.86166,104.195397
455,2000,60,1962,4,16,125.08,19910000000000.0,100.2,77,9.4,59.2,1397715000,46.818188,8.227512
466,6600,78,1945,1,12,117.24,21427700000000.0,101.8,78.5,9.6,36.6,328239523,41.87194,12.56738
466,1100,40,1982,7,14,119.62,2827113184696.0,101.2,81.3,25.5,30.6,66834405,51.165691,10.451526
466,3100,58,1964,11,18,117.24,21427700000000.0,101.8,78.5,9.6,36.6,328239523,51.165691,10.451526
466,30200,52,1970,10,1,125.08,19910000000000.0,100.2,77,9.4,59.2,1397715000,47.516231,14.550072
466,3200,90,1933,1,6,117.24,21427700000000.0,101.8,78.5,9.6,36.6,328239523,47.516231,14.550072
466,4300,72,1950,11,14,117.24,21427700000000.0,101.8,78.5,9.6,36.6,328239523,37.09024,-95.712891
466,1200,65,1957,10,27,110.62,2001244392042.0,101.9,82.9,24.3,59.1,60297396,37.09024,-95.712891
466,9000,61,1961,11,21,99.55,703082435360.0,105.2,83.6,10.1,28.8,8574832,38.963745,35.243322
466,9800,53,1969,10,21,110.05,2715518274227.0,102.5,82.5,24.2,60.7,67059887,37.09024,-95.712891
466,5700,95,1927,6,25,99.55,703082435360.0,105.2,83.6,10.1,28.8,8574832,37.09024,-95.712891
466,3100,62,1960,5,11,117.24,21427700000000.0,101.8,78.5,9.6,36.6,328239523,-0.789275,113.921327
466,13700,67,1955,5,8,119.62,2827113184696.0,101.2,81.3,25.5,30.6,66834405,37.09024,-95.712891
466,7500,64,1958,8,21,117.24,21427700000000.0,101.8,78.5,9.6,36.6,328239523,37.09024,-95.712891
466,2000,62,1960,8,1,117.24,21427700000000.0,101.8,78.5,9.6,36.6,328239523,37.09024,-95.712891
466,2700,50,1972,10,26,117.24,21427700000000.0,101.8,78.5,9.6,36.6,328239523,37.09024,-95.712891
466,1800,73,1949,6,29,116.76,1736425629520.0,100.9,81.9,12.8,24.5,36991981,37.09024,-95.712891
466,1400,77,1945,5,1,117.24,21427700000000.0,101.8,78.5,9.6,36.6,328239523,37.09024,-95.712891
466,2000,77,1945,7,21,125.08,19910000000000.0,100.2,77,9.4,59.2,1397715000,51.165691,10.451526
466,5000,59,1964,4,1,117.24,21427700000000.0,101.8,78.5,9.6,36.6,328239523,23.424076,53.847818
466,2900,67,1956,3,12,125.08,19910000000000.0,100.2,77,9.4,59.2,1397715000,37.09024,-95.712891
486,4300,78,1944,9,3,110.96,1394116310769.0,102.7,83.3,14.2,47,47076781,35.86166,104.195397
486,7600,85,1937,11,22,114.41,372062527489.0,100.6,83.1,13.1,21,5703569,37.09024,-95.712891
486,3500,60,1962,10,8,117.24,21427700000000.0,101.8,78.5,9.6,36.6,328239523,35.86166,104.195397
486,1100,90,1932,7,21,180.44,2611000000000.0,113,69.4,11.2,49.7,1366417754,23.424076,53.847818
486,6700,87,1935,8,18,125.08,19910000000000.0,100.2,77,9.4,59.2,1397715000,4.210484,101.975766
486,1400,80,1942,11,19,125.08,19910000000000.0,100.2,77,9.4,59.2,1397715000,37.09024,-95.712891
486,3500,63,1959,8,26,180.44,2611000000000.0,113,69.4,11.2,49.7,1366417754,55.378051,-3.435973
486,1000,73,1949,8,11,117.24,21427700000000.0,101.8,78.5,9.6,36.6,328239523,37.09024,-95.712891
486,1300,60,1962,7,19,112.85,3845630030824.0,104,80.9,11.5,48.8,83132799,37.09024,-95.712891
486,5400,79,1943,8,1,125.08,19910000000000.0,100.2,77,9.4,59.2,1397715000,37.09024,-95.712891
486,1500,46,1976,11,19,117.24,21427700000000.0,101.8,78.5,9.6,36.6,328239523,35.86166,104.195397
497,3700,53,1969,9,7,119.62,2827113184696.0,101.2,81.3,25.5,30.6,66834405,20.593684,78.96288
497,1500,44,1978,12,8,110.62,2001244392042.0,101.9,82.9,24.3,59.1,60297396,37.09024,-95.712891
497,1800,79,1944,1,6,117.24,21427700000000.0,101.8,78.5,9.6,36.6,328239523,35.907757,127.766922
497,2000,91,1931,6,27,117.24,21427700000000.0,101.8,78.5,9.6,36.6,328239523,37.09024,-95.712891
497,2000,78,1944,8,19,108.15,395098666122.0,104.9,82.8,23.1,25.3,9053300,60.472024,8.468946
497,7400,72,1950,4,12,119.62,2827113184696.0,101.2,81.3,25.5,30.6,66834405,37.09024,-95.712891
497,1600,86,1937,1,1,117.24,21427700000000.0,101.8,78.5,9.6,36.6,328239523,37.09024,-95.712891
497,6000,72,1951,3,29,117.24,21427700000000.0,101.8,78.5,9.6,36.6,328239523,37.09024,-95.712891
497,1300,83,1939,10,14,117.24,21427700000000.0,101.8,78.5,9.6,36.6,328239523,37.09024,-95.712891
497,10200,77,1945,8,13,114.41,372062527489.0,100.6,83.1,13.1,21,5703569,37.09024,-95.712891
497,1600,78,1944,12,8,112.85,3845630030824.0,104,80.9,11.5,48.8,83132799,37.09024,-95.712891
497,3700,87,1936,1,1,119.62,2827113184696.0,101.2,81.3,25.5,30.6,66834405,46.818188,8.227512
497,5700,50,1972,7,21,117.24,21427700000000.0,101.8,78.5,9.6,36.6,328239523,55.378051,-3.435973
497,1700,85,1938,1,12,180.75,1699876578871.0,102.6,72.7,11.4,46.2,144373535,46.818188,8.227512
511,1600,56,1966,5,21,99.55,703082435360.0,105.2,83.6,10.1,28.8,8574832,37.09024,-95.712891
511,2600,59,1963,9,24,117.24,21427700000000.0,101.8,78.5,9.6,36.6,328239523,61.52401,105.318756
511,2000,81,1941,6,28,125.08,19910000000000.0,100.2,77,9.4,59.2,1397715000,35.907757,127.766922
511,3900,80,1942,6,1,125.08,19910000000000.0,100.2,77,9.4,59.2,1397715000,37.09024,-95.712891
511,22600,85,1937,12,17,180.44,2611000000000.0,113,69.4,11.2,49.7,1366417754,46.227638,2.213749
511,1900,49,1973,8,21,117.24,21427700000000.0,101.8,78.5,9.6,36.6,328239523,37.09024,-95.712891
511,1400,66,1956,7,18,110.05,2715518274227.0,102.5,82.5,24.2,60.7,67059887,37.09024,-95.712891
511,3600,61,1962,1,17,125.08,19910000000000.0,100.2,77,9.4,59.2,1397715000,51.165691,10.451526
511,1200,66,1956,5,24,116.76,1736425629520.0,100.9,81.9,12.8,24.5,36991981,51.165691,10.451526
511,8400,53,1969,9,2,158.93,351431649241.0,100.9,63.9,27.5,29.2,58558270,46.818188,8.227512
511,2000,75,1948,4,4,114.11,592164400688.0,100,77.6,17.4,40.8,37970874,38.963745,35.243322
511,3200,61,1961,9,14,180.75,1699876578871.0,102.6,72.7,11.4,46.2,144373535,56.130366,-106.346771
523,2500,81,1942,2,8,117.24,21427700000000.0,101.8,78.5,9.6,36.6,328239523,35.86166,104.195397
523,2400,78,1944,4,28,125.08,19910000000000.0,100.2,77,9.4,59.2,1397715000,37.09024,-95.712891
523,2800,70,1952,7,26,180.44,2611000000000.0,113,69.4,11.2,49.7,1366417754,20.593684,78.96288
523,1600,71,1952,2,8,125.08,19910000000000.0,100.2,77,9.4,59.2,1397715000,37.09024,-95.712891
523,6400,67,1955,5,9,117.24,21427700000000.0,101.8,78.5,9.6,36.6,328239523,-38.416097,-63.616672
523,4200,58,1964,7,31,117.24,21427700000000.0,101.8,78.5,9.6,36.6,328239523,37.09024,-95.712891
523,2100,69,1954,1,17,125.08,19910000000000.0,100.2,77,9.4,59.2,1397715000,37.09024,-95.712891
523,1500,101,1921,9,11,117.24,21427700000000.0,101.8,78.5,9.6,36.6,328239523,42.315407,43.356892
523,7200,67,1955,4,9,117.24,21427700000000.0,101.8,78.5,9.6,36.6,328239523,-0.789275,113.921327
523,1700,62,1960,4,10,112.33,268761201365.0,100.2,81.7,20.8,36.6,5520314,46.818188,8.227512
523,16300,93,1930,2,27,125.08,19910000000000.0,100.2,77,9.4,59.2,1397715000,56.130366,-106.346771
534,1600,78,1944,10,24,125.08,19910000000000.0,100.2,77,9.4,59.2,1397715000,37.09024,-95.712891
534,1300,73,1949,9,20,125.08,19910000000000.0,100.2,77,9.4,59.2,1397715000,37.09024,-95.712891
534,4900,70,1952,8,7,125.08,19910000000000.0,100.2,77,9.4,59.2,1397715000,-0.789275,113.921327
534,2600,84,1939,1,21,117.24,21427700000000.0,101.8,78.5,9.6,36.6,328239523,37.09024,-95.712891
534,1100,72,1951,3,3,99.55,703082435360.0,105.2,83.6,10.1,28.8,8574832,35.86166,104.195397
534,1200,62,1960,4,11,117.24,21427700000000.0,101.8,78.5,9.6,36.6,328239523,55.378051,-3.435973
534,9600,78,1944,8,30,117.24,21427700000000.0,101.8,78.5,9.6,36.6,328239523,51.919438,19.145136
534,2200,68,1954,5,1,117.24,21427700000000.0,101.8,78.5,9.6,36.6,328239523,51.165691,10.451526
534,1000,64,1958,10,3,234.44,754411708203.0,93.2,77.4,17.9,42.3,83429615,37.09024,-95.712891
534,1800,63,1959,10,8,105.48,5081769542380.0,98.8,84.2,11.9,46.7,126226568,37.09024,-95.712891
534,3500,52,1971,2,27,117.24,21427700000000.0,101.8,78.5,9.6,36.6,328239523,37.09024,-95.712891
534,5000,75,1947,8,25,112.85,3845630030824.0,104,80.9,11.5,48.8,83132799,37.09024,-95.712891
534,4100,94,1929,3,6,117.24,21427700000000.0,101.8,78.5,9.6,36.6,328239523,37.09024,-95.712891
534,2700,77,1945,7,7,113.53,76983094928.0,103.4,77.6,2.5,27.4,5266535,37.09024,-95.712891
534,2200,52,1970,6,11,125.08,19910000000000.0,100.2,77,9.4,59.2,1397715000,37.09024,-95.712891
534,2800,80,1942,9,20,180.44,2611000000000.0,113,69.4,11.2,49.7,1366417754,20.593684,78.96288
534,1100,72,1950,6,6,180.44,2611000000000.0,113,69.4,11.2,49.7,1366417754,35.86166,104.195397
534,3900,56,1966,7,8,125.08,19910000000000.0,100.2,77,9.4,59.2,1397715000,39.399872,-8.224454
552,2900,69,1954,1,29,117.24,21427700000000.0,101.8,78.5,9.6,36.6,328239523,37.09024,-95.712891
552,3800,61,1961,10,27,125.08,19910000000000.0,100.2,77,9.4,59.2,1397715000,38.963745,35.243322
552,1100,69,1953,9,5,125.08,19910000000000.0,100.2,77,9.4,59.2,1397715000,-14.235004,-51.92528
552,47200,72,1951,3,6,180.44,2611000000000.0,113,69.4,11.2,49.7,1366417754,56.130366,-106.346771
552,2300,53,1969,12,21,112.85,3845630030824.0,104,80.9,11.5,48.8,83132799,35.907757,127.766922
552,3200,54,1969,3,29,110.62,2001244392042.0,101.9,82.9,24.3,59.1,60297396,35.86166,104.195397
552,1700,56,1966,10,17,117.24,21427700000000.0,101.8,78.5,9.6,36.6,328239523,37.09024,-95.712891
552,1100,67,1955,12,14,112.85,3845630030824.0,104,80.9,11.5,48.8,83132799,35.86166,104.195397
552,1800,63,1959,4,6,125.08,19910000000000.0,100.2,77,9.4,59.2,1397715000,37.09024,-95.712891
552,1200,50,1972,10,10,119.62,2827113184696.0,101.2,81.3,25.5,30.6,66834405,37.09024,-95.712891
552,1400,48,1974,11,14,125.08,19910000000000.0,100.2,77,9.4,59.2,1397715000,37.09024,-95.712891
552,2500,82,1940,5,14,117.24,21427700000000.0,101.8,78.5,9.6,36.6,328239523,37.09024,-95.712891
552,7000,30,1992,9,19,117.24,21427700000000.0,101.8,78.5,9.6,36.6,328239523,37.09024,-95.712891
552,6700,43,1979,12,3,99.55,703082435360.0,105.2,83.6,10.1,28.8,8574832,35.86166,104.195397
552,4700,61,1962,2,21,125.08,19910000000000.0,100.2,77,9.4,59.2,1397715000,48.019573,66.923684
567,7100,68,1954,4,19,117.24,21427700000000.0,101.8,78.5,9.6,36.6,328239523,37.09024,-95.712891
567,7400,60,1963,1,26,125.08,19910000000000.0,100.2,77,9.4,59.2,1397715000,35.86166,104.195397
567,4000,67,1955,5,18,117.24,21427700000000.0,101.8,78.5,9.6,36.6,328239523,1.352083,103.819836
567,1500,74,1948,4,19,288.57,303175127598.0,106.3,71.8,12.5,44.4,100388073,37.09024,-95.712891
567,1500,78,1944,4,25,131.91,282318159745.0,101.4,80,18.2,34,18952038,37.09024,-95.712891
567,3400,61,1961,11,16,105.48,5081769542380.0,98.8,84.2,11.9,46.7,126226568,37.09024,-95.712891
567,1100,62,1960,11,27,125.08,19910000000000.0,100.2,77,9.4,59.2,1397715000,28.033886,1.659626
567,1100,56,1966,12,25,125.08,19910000000000.0,100.2,77,9.4,59.2,1397715000,37.09024,-95.712891
567,2400,79,1944,3,23,125.08,19910000000000.0,100.2,77,9.4,59.2,1397715000,37.09024,-95.712891
567,3300,52,1970,5,5,119.62,2827113184696.0,101.2,81.3,25.5,30.6,66834405,51.165691,10.451526
567,3900,66,1956,7,25,113.27,543649976166.0,99.8,76.9,14.9,29.5,69625582,37.09024,-95.712891
567,2400,88,1934,5,31,112.85,3845630030824.0,104,80.9,11.5,48.8,83132799,35.86166,104.195397
567,2700,79,1944,1,1,114.41,372062527489.0,100.6,83.1,13.1,21,5703569,23.634501,-102.552784
580,16000,58,1965,1,1,117.24,21427700000000.0,101.8,78.5,9.6,36.6,328239523,51.165691,10.451526
580,2200,66,1956,5,18,112.85,3845630030824.0,104,80.9,11.5,48.8,83132799,35.86166,104.195397
580,5000,40,1982,5,5,234.44,754411708203.0,93.2,77.4,17.9,42.3,83429615,37.09024,-95.712891
580,5900,60,1962,11,3,113.27,543649976166.0,99.8,76.9,14.9,29.5,69625582,46.818188,8.227512
580,3000,73,1950,3,5,114.41,372062527489.0,100.6,83.1,13.1,21,5703569,20.593684,78.96288
580,7000,54,1969,1,3,119.62,2827113184696.0,101.2,81.3,25.5,30.6,66834405,60.472024,8.468946
580,1600,64,1958,7,31,108.15,395098666122.0,104.9,82.8,23.1,25.3,9053300,37.09024,-95.712891
580,2300,41,1981,8,21,125.08,19910000000000.0,100.2,77,9.4,59.2,1397715000,23.424076,53.847818
580,1900,63,1959,11,22,117.24,21427700000000.0,101.8,78.5,9.6,36.6,328239523,-14.235004,-51.92528
580,3900,64,1959,1,1,180.44,2611000000000.0,113,69.4,11.2,49.7,1366417754,35.86166,104.195397
580,1800,70,1953,1,1,119.62,2827113184696.0,101.2,81.3,25.5,30.6,66834405,35.86166,104.195397
591,6300,74,1949,3,6,119.62,2827113184696.0,101.2,81.3,25.5,30.6,66834405,37.09024,-95.712891
591,1200,66,1957,4,1,167.4,1839758040766.0,115.4,75.7,14.2,65.1,212559417,37.09024,-95.712891
591,1500,68,1954,11,24,119.8,1392680589329.0,100.3,82.7,23,47.4,25766605,37.09024,-95.712891
591,1400,67,1955,6,22,167.4,1839758040766.0,115.4,75.7,14.2,65.1,212559417,37.09024,-95.712891
591,1900,65,1957,6,27,234.44,754411708203.0,93.2,77.4,17.9,42.3,83429615,40.463667,-3.74922
591,1400,55,1968,1,21,119.62,2827113184696.0,101.2,81.3,25.5,30.6,66834405,46.818188,8.227512
591,7700,62,1960,8,2,110.05,2715518274227.0,102.5,82.5,24.2,60.7,67059887,51.165691,10.451526
591,1200,69,1953,12,7,125.08,19910000000000.0,100.2,77,9.4,59.2,1397715000,20.593684,78.96288
591,1200,65,1957,6,25,125.08,19910000000000.0,100.2,77,9.4,59.2,1397715000,37.09024,-95.712891
591,1100,46,1976,5,6,125.08,19910000000000.0,100.2,77,9.4,59.2,1397715000,37.09024,-95.712891
